{
    "player": {
        "tutorial": false,
        "money": 100000,
        "gacha": 0,
        "audioVolume": {
            "master": 1.0,
            "audios": [
                1.0,
                1.0
            ]
        },
        "stage": 39,
        "characters": [
            {
                "character": {
                    "id": 12,
                    "name": "도도",
                    "description": "그녀는 축복을 하는 사제였다. 많은 사람들에게 축복을 내려 행복을 주었다. 더 많은 사람들에게 축복을 내려주기 위해 소환수 등록을 하였으며 그렇게 그녀의 소원을 이룰 수 있게 되었다.",
                    "job": "사제",
                    "str": 30,
                    "strInc": 3,
                    "hp": 200,
                    "hpInc": 15,
                    "gauge": 3,
                    "gaugeInc": 0,
                    "ultimateSkill": 12,
                    "uniqueAttack": 12,
                    "attack": 4
                },
                "star": 0
            },
            {
                "character": {
                    "id": 6,
                    "name": "미아",
                    "description": "그녀는 어느 한 차원의 왕실 마법사였다. 왕실에서 꽤나 대우받았던 그녀는 자신의 가치를 더 높이기 위해 소환수 등록을 하였다. 그렇게 그녀는 자신의 가치를 더 높일 수 있었고 왕실에서도 더 많은 대우를 받을 수 있었다.",
                    "job": "마법사",
                    "str": 35,
                    "strInc": 5,
                    "hp": 300,
                    "hpInc": 15,
                    "gauge": 5,
                    "gaugeInc": 0,
                    "ultimateSkill": 6,
                    "uniqueAttack": 6,
                    "attack": 2
                },
                "star": 100
            },
            {
                "character": {
                    "id": 7,
                    "name": "쉐인",
                    "description": "그는 어느 한 차원의 암살자였다. 그는 돈을 좋아하는 암살자였으며 돈을 위해서라면 무엇이든지 해쳐나갔다. 그렇게 어쩌다 뛰어난 암살자가 되었으며 돈을 위해 소환수 등록까지 하였다. 그렇게 그는 돈을 위해 무엇이든지 한 뛰어난 암살자였다.",
                    "job": "암살자",
                    "str": 35,
                    "strInc": 3,
                    "hp": 250,
                    "hpInc": 25,
                    "gauge": 2,
                    "gaugeInc": 0,
                    "ultimateSkill": 7,
                    "uniqueAttack": 7,
                    "attack": 3
                },
                "star": 1
            },
            {
                "character": {
                    "id": 8,
                    "name": "스크릴 렉스",
                    "description": "그는 어느 한 차원의 뛰어난 암살자였다. 암살에 모든 것을 걸었으며 암살을 위해 수련도 하며 자신의 인생을 투자하였다. 그렇게 뛰어난 암살자가 된 그는 더 뛰어난 능력을 원해 소환수 등록을 하였으며 그렇게 그는 더욱더 뛰어난 암살자가 되었다.",
                    "job": "암살자",
                    "str": 40,
                    "strInc": 4,
                    "hp": 225,
                    "hpInc": 20,
                    "gauge": 7,
                    "gaugeInc": 0,
                    "ultimateSkill": 8,
                    "uniqueAttack": 8,
                    "attack": 3
                },
                "star": 0
            },
            {
                "character": {
                    "id": 5,
                    "name": "우디",
                    "description": "그녀는 어느 한 차원의 마탑의 주인이었다. 마탑에서 열심히 갈고 닦은 실력으로 많은 사람들을 도와주었다. 그녀는 더욱 많은 지식을 얻어 더욱 많은 사람들을 도와주기 위해 소환수 등록을 하였으며 그렇게 그녀는 꿈을 이룰 수 있게 되었다.",
                    "job": "마법사",
                    "str": 30,
                    "strInc": 4,
                    "hp": 250,
                    "hpInc": 20,
                    "gauge": 4,
                    "gaugeInc": 0,
                    "ultimateSkill": 5,
                    "uniqueAttack": 5,
                    "attack": 2
                },
                "star": 0
            },
            {
                "character": {
                    "id": 3,
                    "name": "파이터",
                    "description": "어느 한 차원에서 소년은 고아로 태어났었다. 뒷골목에서 싸우며 성장하였고 어느새 소년은 뒷골목의 왕좌에 앉을 수 있었다. 그러던 소년은 자신과 같은 아이가 나오지 않도록 소환수 등록을 하였고 그렇게 소년과 같은 아이들은 뒷골목에서 보호받게 되었다.",
                    "job": "전사",
                    "str": 30,
                    "strInc": 3,
                    "hp": 300,
                    "hpInc": 30,
                    "gauge": 2,
                    "gaugeInc": 0,
                    "ultimateSkill": 3,
                    "uniqueAttack": 3,
                    "attack": 1
                },
                "star": 2
            },
            {
                "character": {
                    "id": 10,
                    "name": "호세",
                    "description": "그는 사제였다. 그는 치유능력을 바탕으로 많은 사람들을 도와주었으며 그는 ‘성자’라 불렸다. 그는 더 많은 사람들을 위해 소환수 등록을 하였으며 그렇게 그는 ‘성자’로써의 활동을 이어나갔다.",
                    "job": "사제",
                    "str": 20,
                    "strInc": 1,
                    "hp": 250,
                    "hpInc": 25,
                    "gauge": 3,
                    "gaugeInc": 0,
                    "ultimateSkill": 10,
                    "uniqueAttack": 10,
                    "attack": 4
                },
                "star": 0
            },
            {
                "character": {
                    "id": 1,
                    "name": "드 미우스",
                    "description": "그는 어느 한 차원에서 긍지와 신념을 가진 전사였다. 많은 전투에서 선봉을 섰으며 자신의 영역만큼은 지킬 수 있는 그러한 전사였다. 자신의 땅을 영원히 지키고 싶은 마음으로 소환수를 등록하였고 그의 땅에는 영원한 축복이 함께하게 되었다.",
                    "job": "전사",
                    "str": 20,
                    "strInc": 1,
                    "hp": 500,
                    "hpInc": 50,
                    "gauge": 10,
                    "gaugeInc": 0,
                    "ultimateSkill": 1,
                    "uniqueAttack": 1,
                    "attack": 1
                },
                "star": 4
            },
            {
                "character": {
                    "id": 4,
                    "name": "위즐리",
                    "description": "소녀는 어느 한 차원의 천재로 태어났다. 어렸을 때부터 마법을 다룰 줄 알았으며 이 소녀는 커서 세계 제일의 마법사가 되었다. 자신의 마법을 더욱 갈고 닦고 싶은 마음에 소환수 등록을 하게 되었다. 그렇게 소녀는 수많은 지식을 얻게 되었다.",
                    "job": "마법사",
                    "str": 25,
                    "strInc": 3,
                    "hp": 300,
                    "hpInc": 25,
                    "gauge": 4,
                    "gaugeInc": 0,
                    "ultimateSkill": 4,
                    "uniqueAttack": 4,
                    "attack": 2
                },
                "star": 7
            }
        ]
    }
}